directors,popularity,stars,title,writers
Frank Darabont,120,"Tim Robbins,Morgan Freeman,Bob Gunton",The Shawshank Redemption,"Stephen King,Frank Darabont"
Christopher Nolan,134,"Christian Bale,Heath Ledger,Aaron Eckhart",The Dark Knight,"Jonathan Nolan,Christopher Nolan"
Francis Ford Coppola,336,"Al Pacino,Robert De Niro,Robert Duvall",The Godfather: Part II,"Francis Ford Coppola,Mario Puzo"
Steven Spielberg,194,"Liam Neeson,Ralph Fiennes,Ben Kingsley",Schindler's List,"Thomas Keneally,Steven Zaillian"
Sidney Lumet,552,"Henry Fonda,Lee J. Cobb,Martin Balsam",12 Angry Men,"Reginald Rose,Reginald Rose"
Quentin Tarantino,186,"John Travolta,Uma Thurman,Samuel L. Jackson",Pulp Fiction,"Quentin Tarantino,Roger Avary"
Francis Ford Coppola,113,"Marlon Brando,Al Pacino,James Caan",The Godfather,"Mario Puzo,Francis Ford Coppola"
Sergio Leone,555,"Clint Eastwood,Eli Wallach,Lee Van Cleef","The Good, the Bad and the Ugly","Luciano Vincenzoni,Sergio Leone"
David Fincher,237,"Brad Pitt,Edward Norton,Meat Loaf",Fight Club,"Chuck Palahniuk,Jim Uhls"
Peter Jackson,169,"Elijah Wood,Ian McKellen,Orlando Bloom",The Lord of the Rings: The Fellowship of the Ring,"J.R.R. Tolkien,Fran Walsh"
Peter Jackson,266,"Elijah Wood,Viggo Mortensen,Ian McKellen",The Lord of the Rings: The Return of the King,"J.R.R. Tolkien,Fran Walsh"
Irvin Kershner,430,"Mark Hamill,Harrison Ford,Carrie Fisher",Star Wars: Episode V - The Empire Strikes Back,"Leigh Brackett,Lawrence Kasdan"
Christopher Nolan,164,"Leonardo DiCaprio,Joseph Gordon-Levitt,Ellen Page",Inception,Christopher Nolan
Robert Zemeckis,212,"Tom Hanks,Robin Wright,Gary Sinise",Forrest Gump,"Winston Groom,Eric Roth"
Peter Jackson,359,"Elijah Wood,Ian McKellen,Viggo Mortensen",The Lord of the Rings: The Two Towers,"J.R.R. Tolkien,Fran Walsh"
Milos Forman,404,"Jack Nicholson,Louise Fletcher,Michael Berryman",One Flew Over the Cuckoo's Nest,"Lawrence Hauben,Bo Goldman"
Charles Chaplin,,"Charles Chaplin,Virginia Cherrill,Florence Lee",City Lights,Charles Chaplin
Alfred Hitchcock,"1,329","James Stewart,Grace Kelly,Wendell Corey",Rear Window,"John Michael Hayes,Cornell Woolrich"
"Olivier Nakache,Éric Toledano",640,"François Cluzet,Omar Sy,Anne Le Ny",The Intouchables,"Olivier Nakache,Éric Toledano"
James Cameron,568,"Arnold Schwarzenegger,Linda Hamilton,Edward Furlong",Terminator 2,"James Cameron,William Wisher"
Robert Zemeckis,177,"Michael J. Fox,Christopher Lloyd,Lea Thompson",Back to the Future,"Robert Zemeckis,Bob Gale"
Martin Scorsese,286,"Leonardo DiCaprio,Matt Damon,Jack Nicholson",The Departed,"William Monahan,Alan Mak"
Stanley Kubrick,"1,166","Peter Sellers,George C. Scott,Sterling Hayden",Dr. Strangelove or: How I Learned to Stop Worrying and Love the Bomb,"Stanley Kubrick,Terry Southern"
Hayao Miyazaki,"1,415","Yôji Matsuda,Yuriko Ishida,Yûko Tanaka",Princess Mononoke,"Hayao Miyazaki,Neil Gaiman"
Stanley Kubrick,,"Kirk Douglas,Ralph Meeker,Adolphe Menjou",Paths of Glory,"Stanley Kubrick,Calder Willingham"
Chan-wook Park,684,"Min-sik Choi,Ji-tae Yu,Hye-jeong Kang",Oldboy,"Garon Tsuchiya,Nobuaki Minegishi"
Sergio Leone,,"Robert De Niro,James Woods,Elizabeth McGovern",Once Upon a Time in America,"Harry Grey,Leonardo Benvenuti"
Steven Spielberg,317,"Harrison Ford,Karen Allen,Paul Freeman",Raiders of the Lost Ark,"Lawrence Kasdan,George Lucas"
James Cameron,692,"Sigourney Weaver,Michael Biehn,Carrie Henn",Aliens,"James Cameron,David Giler"
Alfred Hitchcock,,"James Stewart,Kim Novak,Barbara Bel Geddes",Vertigo,"Alec Coppel,Samuel A. Taylor"
Christopher Nolan,241,"Christian Bale,Tom Hardy,Anne Hathaway",The Dark Knight Rises,"Jonathan Nolan,Christopher Nolan"
Alfred Hitchcock,"2,053","Cary Grant,Eva Marie Saint,James Mason",North by Northwest,Ernest Lehman
Mel Gibson,381,"Mel Gibson,Sophie Marceau,Patrick McGoohan",Braveheart,Randall Wallace
Milos Forman,"1,148","F. Murray Abraham,Tom Hulce,Elizabeth Berridge",Amadeus,"Peter Shaffer,Peter Shaffer"
"Stanley Donen,Gene Kelly","1,683","Gene Kelly,Donald O'Connor,Debbie Reynolds",Singin' in the Rain,"Betty Comden,Adolph Green"
Billy Wilder,"4,166","Fred MacMurray,Barbara Stanwyck,Edward G. Robinson",Double Indemnity,"Billy Wilder,Raymond Chandler"
Darren Aronofsky,410,"Ellen Burstyn,Jared Leto,Jennifer Connelly",Requiem for a Dream,"Hubert Selby Jr.,Hubert Selby Jr."
Martin Scorsese,458,"Robert De Niro,Jodie Foster,Cybill Shepherd",Taxi Driver,Paul Schrader
George Roy Hill,"2,442","Paul Newman,Robert Redford,Robert Shaw",The Sting,David S. Ward
"Terry Gilliam,Terry Jones","1,145","Graham Chapman,John Cleese,Eric Idle",Monty Python and the Holy Grail,"Graham Chapman,John Cleese"
Thomas Vinterberg,"1,150","Mads Mikkelsen,Thomas Bo Larsen,Annika Wedderkopp",The Hunt,"Tobias Lindholm,Thomas Vinterberg"
Sergio Leone,"2,318","Clint Eastwood,Lee Van Cleef,Gian Maria Volontè",For a Few Dollars More,"Sergio Leone,Fulvio Morsella"
Robert Mulligan,"1,081","Gregory Peck,John Megna,Frank Overton",To Kill a Mockingbird,"Harper Lee,Horton Foote"
Brian De Palma,257,"Al Pacino,Michelle Pfeiffer,Steven Bauer",Scarface,Oliver Stone
Billy Wilder,,"Jack Lemmon,Shirley MacLaine,Fred MacMurray",The Apartment,"Billy Wilder,I.A.L. Diamond"
Akira Kurosawa,,"Toshirô Mifune,Eijirô Tôno,Tatsuya Nakadai",Yojimbo,"Akira Kurosawa,Akira Kurosawa"
Clint Eastwood,"1,268","Clint Eastwood,Gene Hackman,Morgan Freeman",Unforgiven,David Webb Peoples
Michael Mann,184,"Al Pacino,Robert De Niro,Val Kilmer",Heat,Michael Mann
Martin Scorsese,"1,992","Robert De Niro,Cathy Moriarty,Joe Pesci",Raging Bull,"Jake LaMotta,Joseph Carter"
Billy Wilder,"1,855","Marilyn Monroe,Tony Curtis,Jack Lemmon",Some Like It Hot,"Billy Wilder,I.A.L. Diamond"
Juan José Campanella,"1,591","Ricardo Darín,Soledad Villamil,Pablo Rago",The Secret in Their Eyes,"Eduardo Sacheri,Juan José Campanella"
Majid Majidi,,"Mohammad Amir Naji,Amir Farrokh Hashemian,Bahare Seddiqi",Children of Heaven,Majid Majidi
Stanley Kramer,"2,453","Spencer Tracy,Burt Lancaster,Richard Widmark",Judgment at Nuremberg,"Abby Mann,Abby Mann"
Guy Ritchie,"1,412","Jason Flemyng,Dexter Fletcher,Nick Moran","Lock, Stock and Two Smoking Barrels",Guy Ritchie
Ingmar Bergman,,"Max von Sydow,Gunnar Björnstrand,Bengt Ekerot",The Seventh Seal,"Ingmar Bergman,Ingmar Bergman"
"Pete Docter,Ronnie Del Carmen",219,"Amy Poehler,Bill Hader,Lewis Black",Inside Out,"Pete Docter,Ronnie Del Carmen"
James McTeigue,620,"Hugo Weaving,Natalie Portman,Rupert Graves",V for Vendetta,"Lilly Wachowski,Lana Wachowski"
Elia Kazan,"2,462","Marlon Brando,Karl Malden,Lee J. Cobb",On the Waterfront,"Budd Schulberg,Budd Schulberg"
Lenny Abrahamson,298,"Brie Larson,Jacob Tremblay,Sean Bridgers",Room,"Emma Donoghue,Emma Donoghue"
Martin Scorsese,176,"Leonardo DiCaprio,Jonah Hill,Margot Robbie",The Wolf of Wall Street,"Terence Winter,Jordan Belfort"
John McTiernan,502,"Bruce Willis,Alan Rickman,Bonnie Bedelia",Die Hard,"Roderick Thorp,Jeb Stuart"
Michael Cimino,531,"Robert De Niro,Christopher Walken,John Cazale",The Deer Hunter,"Michael Cimino,Deric Washburn"
"Ethan Coen,Joel Coen",386,"Tommy Lee Jones,Javier Bardem,Josh Brolin",No Country for Old Men,"Joel Coen,Ethan Coen"
Alfred Hitchcock,,"Ray Milland,Grace Kelly,Robert Cummings",Dial M for Murder,"Frederick Knott,Frederick Knott"
John Carpenter,821,"Kurt Russell,Wilford Brimley,Keith David",The Thing,"Bill Lancaster,John W. Campbell Jr."
Quentin Tarantino,420,"Uma Thurman,David Carradine,Daryl Hannah",Kill Bill: Vol. 1,"Quentin Tarantino,Quentin Tarantino"
Stuart Rosenberg,"2,079","Paul Newman,George Kennedy,Strother Martin",Cool Hand Luke,"Donn Pearce,Frank Pierson"
David Fincher,215,"Ben Affleck,Rosamund Pike,Neil Patrick Harris",Gone Girl,"Gillian Flynn,Gillian Flynn"
Sean Penn,589,"Emile Hirsch,Vince Vaughn,Catherine Keener",Into the Wild,"Sean Penn,Jon Krakauer"
Sidney Lumet,"2,107","Faye Dunaway,William Holden,Peter Finch",Network,Paddy Chayefsky
Steve McQueen,659,"Chiwetel Ejiofor,Michael Kenneth Williams,Michael Fassbender",12 Years a Slave,"John Ridley,Solomon Northup"
William Wyler,154,"Charlton Heston,Jack Hawkins,Stephen Boyd",Ben-Hur,"Lew Wallace,Karl Tunberg"
Ingmar Bergman,,"Bibi Andersson,Liv Ullmann,Margaretha Krook",Persona,Ingmar Bergman
George Roy Hill,"2,695","Paul Newman,Robert Redford,Katharine Ross",Butch Cassidy and the Sundance Kid,William Goldman
Clint Eastwood,"1,316","Hilary Swank,Clint Eastwood,Morgan Freeman",Million Dollar Baby,"Paul Haggis,F.X. Toole"
Richard Linklater,"1,924","Ethan Hawke,Julie Delpy,Andrea Eckert",Before Sunrise,"Richard Linklater,Kim Krizan"
Neeraj Pandey,,"Anupam Kher,Naseeruddin Shah,Jimmy Shergill",A Wednesday,"Neeraj Pandey,Neeraj Pandey"
Steven Spielberg,582,"Leonardo DiCaprio,Tom Hanks,Christopher Walken",Catch Me If You Can,"Jeff Nathanson,Frank Abagnale Jr."
Jim Sheridan,"2,718","Daniel Day-Lewis,Pete Postlethwaite,Alison Crosbie",In the Name of the Father,"Gerry Conlon,Terry George"
Denis Villeneuve,180,"Hugh Jackman,Jake Gyllenhaal,Viola Davis",Prisoners,Aaron Guzikowski
John G. Avildsen,"1,116","Sylvester Stallone,Talia Shire,Burt Young",Rocky,Sylvester Stallone
David Yates,256,"Daniel Radcliffe,Emma Watson,Rupert Grint",Harry Potter and the Deathly Hallows: Part 2,"Steve Kloves,J.K. Rowling"
Richard Attenborough,"2,212","Ben Kingsley,John Gielgud,Candice Bergen",Gandhi,John Briley
Peter Bogdanovich,,"Ryan O'Neal,Tatum O'Neal,Madeline Kahn",Paper Moon,"Joe David Brown,Alvin Sargent"
Peter Weir,703,"Robin Williams,Robert Sean Leonard,Ethan Hawke",Dead Poets Society,Tom Schulman
Kar-Wai Wong,"2,683","Tony Chiu-Wai Leung,Maggie Cheung,Ping Lam Siu",In the Mood for Love,Kar-Wai Wong
"Gary Trousdale,Kirk Wise",856,"Paige O'Hara,Robby Benson,Jesse Corti",Beauty and the Beast,"Linda Woolverton,Brenda Chapman"
Tate Taylor,596,"Emma Stone,Viola Davis,Octavia Spencer",The Help,"Tate Taylor,Kathryn Stockett"
Richard Linklater,"2,642","Ethan Hawke,Julie Delpy,Vernon Dobtcheff",Before Sunset,"Richard Linklater,Julie Delpy"
Krzysztof Kieslowski,"3,938","Irène Jacob,Jean-Louis Trintignant,Frédérique Feder",Three Colors: Red,"Krzysztof Kieslowski,Krzysztof Piesiewicz"
Katsuhiro Ôtomo,,"Mitsuo Iwata,Nozomu Sasaki,Mami Koyama",Akira,"Katsuhiro Ôtomo,Izô Hashimoto"
Terry Gilliam,871,"Bruce Willis,Madeleine Stowe,Brad Pitt",Twelve Monkeys,"Chris Marker,David Webb Peoples"
Sidney Lumet,"2,054","Al Pacino,John Cazale,Penelope Allen",Dog Day Afternoon,"Frank Pierson,P.F. Kluge"
Wim Wenders,,"Harry Dean Stanton,Nastassja Kinski,Dean Stockwell","Paris, Texas","L.M. Kit Carson,Sam Shepard"
Paul Greengrass,"1,217","Matt Damon,Edgar Ramírez,Joan Allen",The Bourne Ultimatum,"Tony Gilroy,Scott Z. Burns"
Steven Spielberg,146,"Roy Scheider,Robert Shaw,Richard Dreyfuss",Jaws,"Peter Benchley,Carl Gottlieb"
"Wai-Keung Lau,Alan Mak","3,632","Andy Lau,Tony Chiu-Wai Leung,Anthony Chau-Sang Wong",Infernal Affairs,"Alan Mak,Felix Chong"
Federico Fellini,,"Marcello Mastroianni,Anouk Aimée,Claudia Cardinale",8½,"Federico Fellini,Ennio Flaiano"
Mathieu Kassovitz,,"Vincent Cassel,Hubert Koundé,Saïd Taghmaoui",La Haine,Mathieu Kassovitz
Harold Ramis,"1,439","Bill Murray,Andie MacDowell,Chris Elliott",Groundhog Day,"Danny Rubin,Harold Ramis"
"Victor Fleming,George Cukor",712,"Judy Garland,Frank Morgan,Ray Bolger",The Wizard of Oz,"Noel Langley,Florence Ryerson"
James Cameron,670,"Arnold Schwarzenegger,Linda Hamilton,Michael Biehn",The Terminator,"James Cameron,Gale Anne Hurd"
Woody Allen,"2,467","Woody Allen,Diane Keaton,Tony Roberts",Annie Hall,"Woody Allen,Marshall Brickman"
Richard Kelly,372,"Jake Gyllenhaal,Jena Malone,Mary McDonnell",Donnie Darko,Richard Kelly
Orson Welles,,"Charlton Heston,Orson Welles,Janet Leigh",Touch of Evil,"Orson Welles,Whit Masterson"
"Pete Docter,David Silverman",565,"Billy Crystal,John Goodman,Mary Gibbs","Monsters, Inc.","Pete Docter,Jill Culton"
Stanley Kubrick,,"Ryan O'Neal,Marisa Berenson,Patrick Magee",Barry Lyndon,"Stanley Kubrick,William Makepeace Thackeray"
Hayao Miyazaki,,"Sumi Shimamoto,Mahito Tsujimura,Hisako Kyôda",Nausicaä of the Valley of the Wind,"Hayao Miyazaki,Hayao Miyazaki"
Rob Reiner,400,"Cary Elwes,Mandy Patinkin,Robin Wright",The Princess Bride,"William Goldman,William Goldman"
John Huston,"4,464","Humphrey Bogart,Mary Astor,Gladys George",The Maltese Falcon,"John Huston,Dashiell Hammett"
Damien Chazelle,225,"Ryan Gosling,Emma Stone,Rosemarie DeWitt",La La Land,Damien Chazelle
Tom McCarthy,413,"Mark Ruffalo,Michael Keaton,Rachel McAdams",Spotlight,"Josh Singer,Tom McCarthy"
James Mangold,128,"Hugh Jackman,Patrick Stewart,Dafne Keen",Logan,"James Mangold,Scott Frank"
Lasse Hallström,,"Richard Gere,Joan Allen,Cary-Hiroyuki Tagawa",Hachi: A Dog's Tale,"Stephen P. Lindsey,Kaneto Shindô"
Alejandro G. Iñárritu,"3,431","Emilio Echevarría,Gael García Bernal,Goya Toledo",Amores Perros,Guillermo Arriaga
Peter Weir,805,"Jim Carrey,Ed Harris,Laura Linney",The Truman Show,Andrew Niccol
Joon-ho Bong,"2,967","Kang-ho Song,Sang-kyung Kim,Roe-ha Kim",Memories of Murder,"Joon-ho Bong,Kwang-rim Kim"
Steven Spielberg,260,"Sam Neill,Laura Dern,Jeff Goldblum",Jurassic Park,"Michael Crichton,Michael Crichton"
Ron Howard,840,"Daniel Brühl,Chris Hemsworth,Olivia Wilde",Rush,Peter Morgan
George Miller,207,"Tom Hardy,Charlize Theron,Nicholas Hoult",Mad Max: Fury Road,"George Miller,Brendan McCarthy"
Andrei Tarkovsky,,"Alisa Freyndlikh,Aleksandr Kaydanovskiy,Anatoliy Solonitsyn",Stalker,"Arkadiy Strugatskiy,Boris Strugatskiy"
Terry George,"2,815","Don Cheadle,Sophie Okonedo,Joaquin Phoenix",Hotel Rwanda,"Keir Pearson,Terry George"
Wes Anderson,232,"Ralph Fiennes,F. Murray Abraham,Mathieu Amalric",The Grand Budapest Hotel,"Stefan Zweig,Wes Anderson"
Oliver Stone,"1,319","Charlie Sheen,Tom Berenger,Willem Dafoe",Platoon,Oliver Stone
Rob Reiner,397,"Wil Wheaton,River Phoenix,Corey Feldman",Stand by Me,"Stephen King,Raynold Gideon"
Terry Jones,"1,359","Graham Chapman,John Cleese,Michael Palin",Life of Brian,"Graham Chapman,John Cleese"
Andrei Tarkovsky,,"Anatoliy Solonitsyn,Ivan Lapikov,Nikolay Grinko",Andrei Rublev,"Andrey Konchalovskiy,Andrei Tarkovsky"
Damián Szifron,"1,501","Darío Grandinetti,María Marull,Mónica Villa",Wild Tales,"Germán Servidio,Damián Szifron"
Denis Villeneuve,48,"Harrison Ford,Ryan Gosling,Ana de Armas",Blade Runner 2049,"Hampton Fancher,Michael Green"
"Dean DeBlois,Chris Sanders",964,"Jay Baruchel,Gerard Butler,Christopher Mintz-Plasse",How to Train Your Dragon,"William Davies,Dean DeBlois"
Adam Elliot,,"Toni Collette,Philip Seymour Hoffman,Eric Bana",Mary and Max,Adam Elliot
Mel Gibson,203,"Andrew Garfield,Sam Worthington,Luke Bracey",Hacksaw Ridge,"Robert Schenkkan,Andrew Knight"
Martin Scorsese,536,"Leonardo DiCaprio,Emily Mortimer,Mark Ruffalo",Shutter Island,"Laeta Kalogridis,Dennis Lehane"
Elem Klimov,,"Aleksey Kravchenko,Olga Mironova,Liubomiras Laucevicius",Come and See,"Ales Adamovich,Ales Adamovich"
"Joel Coen,Ethan Coen",503,"Jeff Bridges,John Goodman,Julianne Moore",The Big Lebowski,"Ethan Coen,Joel Coen"
"Joel Coen,Ethan Coen",477,"William H. Macy,Frances McDormand,Steve Buscemi",Fargo,"Ethan Coen,Joel Coen"
M. Night Shyamalan,707,"Bruce Willis,Haley Joel Osment,Toni Collette",The Sixth Sense,M. Night Shyamalan
Clint Eastwood,"1,411","Clint Eastwood,Bee Vang,Christopher Carley",Gran Torino,"Nick Schenk,Dave Johannson"
"Andrew Stanton,Lee Unkrich",687,"Albert Brooks,Ellen DeGeneres,Alexander Gould",Finding Nemo,"Andrew Stanton,Andrew Stanton"
Alfred Hitchcock,,"Laurence Olivier,Joan Fontaine,George Sanders",Rebecca,"Daphne Du Maurier,Robert E. Sherwood"
Danny Boyle,604,"Ewan McGregor,Ewen Bremner,Jonny Lee Miller",Trainspotting,"Irvine Welsh,John Hodge"
Paul Thomas Anderson,525,"Daniel Day-Lewis,Paul Dano,Ciarán Hinds",There Will Be Blood,"Paul Thomas Anderson,Upton Sinclair"
Gavin O'Connor,785,"Tom Hardy,Nick Nolte,Joel Edgerton",Warrior,"Gavin O'Connor,Anthony Tambakis"
Ridley Scott,189,"Harrison Ford,Rutger Hauer,Sean Young",Blade Runner,"Hampton Fancher,David Webb Peoples"
"Victor Fleming,George Cukor",485,"Clark Gable,Vivien Leigh,Thomas Mitchell",Gone with the Wind,"Margaret Mitchell,Sidney Howard"
Ron Howard,721,"Russell Crowe,Ed Harris,Jennifer Connelly",A Beautiful Mind,"Akiva Goldsman,Sylvia Nasar"
Martin Scorsese,487,"Robert De Niro,Sharon Stone,Joe Pesci",Casino,"Nicholas Pileggi,Nicholas Pileggi"
David Lean,"2,756","William Holden,Alec Guinness,Jack Hawkins",The Bridge on the River Kwai,"Pierre Boulle,Carl Foreman"
Hayao Miyazaki,"1,269","Chieko Baishô,Takuya Kimura,Tatsuya Gashûin",Howl's Moving Castle,"Hayao Miyazaki,Diana Wynne Jones"
David Lynch,,"Anthony Hopkins,John Hurt,Anne Bancroft",The Elephant Man,"Christopher De Vore,Eric Bergren"
Denis Villeneuve,"1,590","Lubna Azabal,Mélissa Désormeaux-Poulin,Maxim Gaudette",Incendies,"Denis Villeneuve,Wajdi Mouawad"
Roman Polanski,"2,028","Jack Nicholson,Faye Dunaway,John Huston",Chinatown,Robert Towne
Guillermo del Toro,364,"Ivana Baquero,Ariadna Gil,Sergi López",Pan's Labyrinth,Guillermo del Toro
Akira Kurosawa,"3,057","Tatsuya Nakadai,Akira Terao,Jinpachi Nezu",Ran,"Akira Kurosawa,Hideo Oguni"
Carol Reed,,"Orson Welles,Joseph Cotten,Alida Valli",The Third Man,"Graham Greene,Graham Greene"
Martin McDonagh,28,"Frances McDormand,Woody Harrelson,Sam Rockwell","Three Billboards Outside Ebbing, Missouri",Martin McDonagh
John Sturges,"1,443","Steve McQueen,James Garner,Richard Attenborough",The Great Escape,"Paul Brickhill,James Clavell"
Oliver Hirschbiegel,"1,110","Bruno Ganz,Alexandra Maria Lara,Ulrich Matthes",Downfall,"Bernd Eichinger,Joachim Fest"
Christopher Nolan,422,"Christian Bale,Michael Caine,Ken Watanabe",Batman Begins,"Bob Kane,David S. Goyer"
Joseph L. Mankiewicz,"2,870","Bette Davis,Anne Baxter,George Sanders",All About Eve,Joseph L. Mankiewicz
"Pete Docter,Bob Peterson",436,"Edward Asner,Jordan Nagai,John Ratzenberger",Up,"Pete Docter,Bob Peterson"
Steven Spielberg,560,"Harrison Ford,Sean Connery,Alison Doody",Indiana Jones and the Last Crusade,"Jeffrey Boam,George Lucas"
Asghar Farhadi,"2,472","Payman Maadi,Leila Hatami,Sareh Bayat",A Separation,Asghar Farhadi
Curtis Hanson,512,"Kevin Spacey,Russell Crowe,Guy Pearce",L.A. Confidential,"James Ellroy,Brian Helgeland"
Akira Kurosawa,,"Toshirô Mifune,Machiko Kyô,Masayuki Mori",Rashomon,"Ryûnosuke Akutagawa,Akira Kurosawa"
Hayao Miyazaki,"1,540","Hitoshi Takagi,Noriko Hidaka,Chika Sakamoto",My Neighbor Totoro,Hayao Miyazaki
Fritz Lang,"2,463","Brigitte Helm,Alfred Abel,Gustav Fröhlich",Metropolis,"Thea von Harbou,Thea von Harbou"
Guy Ritchie,652,"Jason Statham,Brad Pitt,Benicio Del Toro",Snatch,Guy Ritchie
Stanley Kubrick,303,"Matthew Modine,R. Lee Ermey,Vincent D'Onofrio",Full Metal Jacket,"Stanley Kubrick,Michael Herr"
Gus Van Sant,451,"Robin Williams,Matt Damon,Ben Affleck",Good Will Hunting,"Matt Damon,Ben Affleck"
John Lasseter,390,"Tom Hanks,Tim Allen,Don Rickles",Toy Story,"John Lasseter,Pete Docter"
Lee Unkrich,726,"Tom Hanks,Tim Allen,Joan Cusack",Toy Story 3,"John Lasseter,Andrew Stanton"
Stanley Kubrick,141,"Keir Dullea,Gary Lockwood,William Sylvester",2001: A Space Odyssey,"Stanley Kubrick,Arthur C. Clarke"
"Quentin Tarantino,Eli Roth",178,"Brad Pitt,Diane Kruger,Eli Roth",Inglourious Basterds,Quentin Tarantino
Rajkumar Hirani,"1,326","Aamir Khan,Madhavan,Mona Singh",3 Idiots,"Rajkumar Hirani,Abhijat Joshi"
Stanley Kubrick,395,"Malcolm McDowell,Patrick Magee,Michael Bates",A Clockwork Orange,"Stanley Kubrick,Anthony Burgess"
David Lean,"1,271","Peter O'Toole,Alec Guinness,Anthony Quinn",Lawrence of Arabia,"T.E. Lawrence,Robert Bolt"
Jean-Pierre Jeunet,"1,016","Audrey Tautou,Mathieu Kassovitz,Rufus",Amélie,"Guillaume Laurant,Jean-Pierre Jeunet"
Fritz Lang,,"Peter Lorre,Ellen Widmann,Inge Landgut",M,"Thea von Harbou,Fritz Lang"
Michel Gondry,403,"Jim Carrey,Kate Winslet,Tom Wilkinson",Eternal Sunshine of the Spotless Mind,"Charlie Kaufman,Michel Gondry"
"Aamir Khan,Amole Gupte",,"Darsheel Safary,Aamir Khan,Tanay Chheda",Like Stars on Earth,"Amole Gupte,Amole Gupte"
Makoto Shinkai,504,"Ryûnosuke Kamiki,Mone Kamishiraishi,Ryô Narita",Your Name,"Makoto Shinkai,Makoto Shinkai"
Quentin Tarantino,730,"Harvey Keitel,Tim Roth,Michael Madsen",Reservoir Dogs,"Quentin Tarantino,Quentin Tarantino"
Nitesh Tiwari,,"Aamir Khan,Sakshi Tanwar,Fatima Sana Shaikh",Dangal,"Piyush Gupta,Shreyas Jain"
Orson Welles,"1,306","Orson Welles,Joseph Cotten,Dorothy Comingore",Citizen Kane,"Herman J. Mankiewicz,Orson Welles"
Sam Mendes,454,"Kevin Spacey,Annette Bening,Thora Birch",American Beauty,Alan Ball
Richard Marquand,347,"Mark Hamill,Harrison Ford,Carrie Fisher",Star Wars: Episode VI - Return of the Jedi,"Lawrence Kasdan,George Lucas"
Wolfgang Petersen,"2,117","Jürgen Prochnow,Herbert Grönemeyer,Klaus Wennemann",Das Boot,"Wolfgang Petersen,Lothar G. Buchheim"
Andrew Stanton,878,"Ben Burtt,Elissa Knight,Jeff Garlin",WALL·E,"Andrew Stanton,Pete Docter"
Billy Wilder,,"Tyrone Power,Marlene Dietrich,Charles Laughton",Witness for the Prosecution,"Agatha Christie,Billy Wilder"
Quentin Tarantino,280,"Jamie Foxx,Christoph Waltz,Leonardo DiCaprio",Django Unchained,Quentin Tarantino
"Lee Unkrich,Adrian Molina","23
        ","Anthony Gonzalez,Gael García Bernal,Benjamin Bratt",Coco,"Lee Unkrich,Jason Katz"
Stanley Kubrick,132,"Jack Nicholson,Shelley Duvall,Danny Lloyd",The Shining,"Stephen King,Stanley Kubrick"
Florian Henckel von Donnersmarck,"1,055","Ulrich Mühe,Martina Gedeck,Sebastian Koch",The Lives of Others,Florian Henckel von Donnersmarck
Charles Chaplin,,"Charles Chaplin,Paulette Goddard,Jack Oakie",The Great Dictator,Charles Chaplin
Ridley Scott,394,"Sigourney Weaver,Tom Skerritt,John Hurt",Alien,"Dan O'Bannon,Ronald Shusett"
Isao Takahata,,"Tsutomu Tatsumi,Ayano Shiraishi,Akemi Yamaguchi",Grave of the Fireflies,"Akiyuki Nosaka,Isao Takahata"
Billy Wilder,,"William Holden,Gloria Swanson,Erich von Stroheim",Sunset Boulevard,"Charles Brackett,Billy Wilder"
Christopher Nolan,554,"Guy Pearce,Carrie-Anne Moss,Joe Pantoliano",Memento,"Christopher Nolan,Jonathan Nolan"
Francis Ford Coppola,377,"Martin Sheen,Marlon Brando,Robert Duvall",Apocalypse Now,"John Milius,Francis Ford Coppola"
Giuseppe Tornatore,"2,063","Philippe Noiret,Enzo Cannavale,Antonella Attili",Cinema Paradiso,"Giuseppe Tornatore,Giuseppe Tornatore"
Ridley Scott,274,"Russell Crowe,Joaquin Phoenix,Connie Nielsen",Gladiator,"David Franzoni,David Franzoni"
"Roger Allers,Rob Minkoff",197,"Matthew Broderick,Jeremy Irons,James Earl Jones",The Lion King,"Irene Mecchi,Jonathan Roberts"
Christopher Nolan,302,"Christian Bale,Hugh Jackman,Scarlett Johansson",The Prestige,"Jonathan Nolan,Christopher Nolan"
Roman Polanski,931,"Adrien Brody,Thomas Kretschmann,Frank Finlay",The Pianist,"Ronald Harwood,Wladyslaw Szpilman"
Damien Chazelle,295,"Miles Teller,J.K. Simmons,Melissa Benoist",Whiplash,Damien Chazelle
Michael Curtiz,895,"Humphrey Bogart,Ingrid Bergman,Paul Henreid",Casablanca,"Julius J. Epstein,Philip G. Epstein"
Charles Chaplin,"3,849","Charles Chaplin,Paulette Goddard,Henry Bergman",Modern Times,Charles Chaplin
Sergio Leone,"1,202","Henry Fonda,Charles Bronson,Claudia Cardinale",Once Upon a Time in the West,"Sergio Donati,Sergio Leone"
Alfred Hitchcock,385,"Anthony Perkins,Janet Leigh,Vera Miles",Psycho,"Joseph Stefano,Robert Bloch"
Frank Darabont,121,"Tom Hanks,Michael Clarke Duncan,David Morse",The Green Mile,"Stephen King,Frank Darabont"
Christopher Nolan,144,"Matthew McConaughey,Anne Hathaway,Jessica Chastain",Interstellar,"Jonathan Nolan,Christopher Nolan"
Tony Kaye,579,"Edward Norton,Edward Furlong,Beverly D'Angelo",American History X,David McKenna
Steven Spielberg,247,"Tom Hanks,Matt Damon,Tom Sizemore",Saving Private Ryan,Robert Rodat
Luc Besson,227,"Jean Reno,Gary Oldman,Natalie Portman",Léon: The Professional,Luc Besson
"Hayao Miyazaki,Kirk Wise",444,"Daveigh Chase,Suzanne Pleshette,Miyu Irino",Spirited Away,Hayao Miyazaki
Bryan Singer,492,"Kevin Spacey,Gabriel Byrne,Chazz Palminteri",The Usual Suspects,Christopher McQuarrie
Frank Capra,"1,728","James Stewart,Donna Reed,Lionel Barrymore",It's a Wonderful Life,"Frances Goodrich,Albert Hackett"
"Fernando Meirelles,Kátia Lund",624,"Alexandre Rodrigues,Leandro Firmino,Matheus Nachtergaele",City of God,"Paulo Lins,Bráulio Mantovani"
David Fincher,163,"Morgan Freeman,Brad Pitt,Kevin Spacey",Se7en,Andrew Kevin Walker
Roberto Benigni,605,"Roberto Benigni,Nicoletta Braschi,Giorgio Cantarini",Life Is Beautiful,"Vincenzo Cerami,Roberto Benigni"
Jonathan Demme,228,"Jodie Foster,Anthony Hopkins,Lawrence A. Bonney",The Silence of the Lambs,"Thomas Harris,Ted Tally"
"Lana Wachowski,Lilly Wachowski",262,"Keanu Reeves,Laurence Fishburne,Carrie-Anne Moss",The Matrix,"Lilly Wachowski,Lana Wachowski"
Martin Scorsese,253,"Robert De Niro,Ray Liotta,Joe Pesci",Goodfellas,"Nicholas Pileggi,Nicholas Pileggi"
Akira Kurosawa,"1,103","Toshirô Mifune,Takashi Shimura,Keiko Tsushima",Seven Samurai,"Akira Kurosawa,Shinobu Hashimoto"
George Lucas,211,"Mark Hamill,Harrison Ford,Carrie Fisher",Star Wars: Episode IV - A New Hope,George Lucas
